Name,Fathers_name,Address,phone1,phone2,email,backlog,attendance,CGPA,skills,experience
James,Butt,6649 N Blue Gum St,504-621-8927,504-845-1427,jbutt@gmail.com,0,60,6,Web development,1
Josephine,Darakjy,4 B Blue Ridge Blvd,810-292-9388,810-374-9840,josephine_darakjy@darakjy.org,1,61,8,App development,2
Art,Venere,8 W Cerritos Ave #54,856-636-8749,856-264-4130,art@venere.org,2,71,7,Cyber security,3
Lenna,Paprocki,639 Main St,907-385-4412,907-921-2010,lpaprocki@hotmail.com,2,75,6.5,Cyber security,1
Donette,Foller,34 Center St,513-570-1893,513-549-4561,donette.foller@cox.net,1,60,8,Web development,2
Simona,Morasca,3 Mcauley Dr,419-503-2484,419-800-6759,simona@morasca.com,0,60,8.5,Cyber security,2
Mitsue,Tollner,7 Eads St,773-573-6914,773-924-8565,mitsue_tollner@yahoo.com,1,75,7,Web development,1
Leota,Dilliard,7 W Jackson Blvd,408-752-3500,408-813-1105,leota@hotmail.com,2,63,7.5,Web development,1
Sage,Wieser,5 Boston Ave #88,605-414-2147,605-794-4895,sage_wieser@cox.net,0,61,6.5,App development,2
Kris,Marrier,228 Runamuck Pl #2808,410-655-8723,410-804-4694,kris@gmail.com,1,67,7.5,Cyber security,1
Minna,Amigon,2371 Jerrold Ave,215-874-1229,215-422-8694,minna_amigon@yahoo.com,2,62,8,Cyber security,2
Abel,Maclead,37275 St  Rt 17m M,631-335-3414,631-677-3675,amaclead@gmail.com,2,70,8,Web development,2
Kiley,Caldarera,25 E 75th St #69,310-498-5651,310-254-3084,kiley.caldarera@aol.com,1,65,8,App development,1
Graciela,Ruta,98 Connecticut Ave Nw,440-780-8425,440-579-7763,gruta@cox.net,0,61,7.5,Cyber security,2
Cammy,Albares,56 E Morehead St,956-537-6195,956-841-7216,calbares@gmail.com,1,63,6,Web development,3
Mattie,Poquette,73 State Road 434 E,602-277-4385,602-953-6360,mattie@aol.com,2,65,6.5,Cyber security,3
Meaghan,Garufi,69734 E Carrillo St,931-313-9635,931-235-7959,meaghan@hotmail.com,0,65,8.5,Web development,1
Gladys,Rim,322 New Horizon Blvd,414-661-9598,414-377-2880,gladys.rim@rim.org,0,62,8.5,App development,2
Yuki,Whobrey,1 State Route 27,313-288-7937,313-341-4470,yuki_whobrey@aol.com,0,64,6,App development,3
Fletcher,Flosi,394 Manchester Blvd,815-828-2147,815-426-5657,fletcher.flosi@yahoo.com,0,64,6,Web development,2
Bette,Nicka,6 S 33rd St,610-545-3615,610-492-4643,bette_nicka@cox.net,2,63,8,App development,1
Veronika,Inouye,6 Greenleaf Ave,408-540-1785,408-813-4592,vinouye@aol.com,0,70,8,Cyber security,1
Willard,Kolmetz,618 W Yakima Ave,972-303-9197,972-896-4882,willard@hotmail.com,1,71,7,Web development,2
Maryann,Royster,74 S Westgate St,518-966-7987,518-448-8982,mroyster@royster.com,2,72,7,Web development,3
Alisha,Slusarski,3273 State St,732-658-3154,732-635-3453,alisha@slusarski.com,0,73,8.5,Cyber security,3
Allene,Iturbide,1 Central Ave,715-662-6764,715-530-9863,allene_iturbide@cox.net,1,74,7.5,Cyber security,2
Chanel,Caudy,86 Nw 66th St #8673,913-388-2079,913-899-1103,chanel.caudy@caudy.org,2,72,7.5,App development,1
Ezekiel,Chui,2 Cedar Ave #84,410-669-1642,410-235-8738,ezekiel@chui.com,1,71,6.5,Web development,2
Willow,Kusko,90991 Thorburn Ave,212-582-4976,212-934-5167,wkusko@yahoo.com,2,70,6,App development,3
Bernardo,Figeroa,386 9th Ave N,936-336-3951,936-597-3614,bfigeroa@aol.com,2,69,6,Web development,1
Ammie,Corrio,74874 Atlantic Ave,614-801-9788,614-648-3265,ammie@corrio.com,1,68,6,App development,2
Francine,Vocelka,366 South Dr,505-977-3911,505-335-5293,francine_vocelka@vocelka.com,2,67,6,App development,3
Ernie,Stenseth,45 E Liberty St,201-709-6245,201-387-9093,ernie_stenseth@aol.com,2,63,7,Web development,3
Albina,Glick,4 Ralph Ct,732-924-7882,732-782-6701,albina@glick.com,2,64,8,Cyber security,2
Alishia,Sergi,2742 Distribution Way,212-860-1579,212-753-2740,asergi@gmail.com,1,65,7,Cyber security,1
Solange,Shinko,426 Wolf St,504-979-9175,504-265-8174,solange@shinko.com,1,67,8,Cyber security,1
Jose,Stockham,128 Bransten Rd,212-675-8570,212-569-4233,jose@yahoo.com,1,69,7,Web development,2
Rozella,Ostrosky,17 Morena Blvd,805-832-6163,805-609-1531,rozella.ostrosky@ostrosky.com,1,68,7,App development,3
Valentine,Gillian,775 W 17th St,210-812-9597,210-300-6244,valentine_gillian@gmail.com,1,62,6,Cyber security,3
Kati,Rulapaugh,6980 Dorsett Rd,785-463-7829,785-219-7724,kati.rulapaugh@hotmail.com,1,65,6.5,Cyber security,2
Youlanda,Schemmer,2881 Lewis Rd,541-548-8197,541-993-2611,youlanda@aol.com,2,75,6,Web development,1
Dyan,Oldroyd,7219 Woodfield Rd,913-413-4604,913-645-8918,doldroyd@aol.com,2,75,6,Cyber security,1
Roxane,Campain,1048 Main St,907-231-4722,907-335-6568,roxane@hotmail.com,2,74,7.5,Web development,3
Lavera,Perin,678 3rd Ave,305-606-7291,305-995-2078,lperin@perin.org,0,73,7.5,Web development,3
Erick,Ferencz,20 S Babcock St,907-741-1044,907-227-6777,erick.ferencz@aol.com,0,74,8.5,App development,3
Fatima,Saylors,2 Lighthouse Ave,952-768-2416,952-479-2375,fsaylors@saylors.org,0,73,8,Cyber security,2
Jina,Briddick,38938 Park Blvd,617-399-5124,617-997-5771,jina_briddick@briddick.com,0,74,8,Cyber security,1
Kanisha,Waycott,5 Tomahawk Dr,323-453-2780,323-315-7314,kanisha_waycott@yahoo.com,0,73,8,Web development,2
Emerson,Bowley,762 S Main St,608-336-7444,608-658-7940,emerson.bowley@bowley.org,1,74,8.5,App development,3
Blair,Malet,209 Decker Dr,215-907-9111,215-794-4519,bmalet@yahoo.com,1,75,6,Cyber security,3
Brock,Bolognia,4486 W O St #1,212-402-9216,212-617-5063,bbolognia@yahoo.com,2,72,7,Web development,3
Lorrie,Nestle,39 S 7th St,931-875-6644,931-303-6041,lnestle@hotmail.com,1,65,6,Cyber security,2
Sabra,Uyetake,98839 Hawthorne Blvd #6101,803-925-5213,803-681-3678,sabra@uyetake.org,2,64,8,Web development,1
Marjory,Mastella,71 San Mateo Ave,610-814-5533,610-379-7125,mmastella@mastella.com,1,62,7,App development,3
Karl,Klonowski,76 Brooks St #9,908-877-6135,908-470-4661,karl_klonowski@yahoo.com,2,61,6.5,App development,2
Tonette,Wenner,4545 Courthouse Rd,516-968-6051,516-333-4861,twenner@aol.com,1,63,8,Web development,1
Amber,Monarrez,14288 Foster Ave #4121,215-934-8655,215-329-6386,amber_monarrez@monarrez.org,2,61,8.5,App development,2
Shenika,Seewald,4 Otis St,818-423-4007,818-749-8650,shenika@gmail.com,2,60,7,Cyber security,1
Delmy,Ahle,65895 S 16th St,401-458-2547,401-559-8961,delmy.ahle@hotmail.com,2,61,7.5,Web development,2
Deeanna,Juhas,14302 Pennsylvania Ave,215-211-9589,215-417-9563,deeanna_juhas@gmail.com,0,71,6.5,Web development,3
Blondell,Pugh,201 Hawk Ct,401-960-8259,401-300-8122,bpugh@aol.com,0,75,7.5,Cyber security,1
Jamal,Vanausdal,53075 Sw 152nd Ter #615,732-234-1546,732-904-2931,jamal@vanausdal.org,0,60,8,Cyber security,2
Cecily,Hollack,59 N Groesbeck Hwy,512-486-3817,512-861-3814,cecily@hollack.org,1,60,8,App development,2
Carmelina,Lindall,2664 Lewis Rd,303-724-7371,303-874-5160,carmelina_lindall@lindall.com,1,75,8,Web development,1
Maurine,Yglesias,59 Shady Ln #53,414-748-1374,414-573-7719,maurine_yglesias@yglesias.com,1,63,7.5,App development,1
Tawna,Buvens,3305 Nabell Ave #679,212-674-9610,212-462-9157,tawna@gmail.com,1,61,6,Web development,2
Penney,Weight,18 Fountain St,907-797-9628,907-873-2882,penney_weight@aol.com,1,67,6.5,App development,1
Elly,Morocco,7 W 32nd St,814-393-5571,814-420-3553,elly_morocco@gmail.com,2,62,8.5,App development,2
Ilene,Eroman,2853 S Central Expy,410-914-9018,410-937-4543,ilene.eroman@hotmail.com,2,70,8.5,Web development,2
Vallie,Mondella,74 W College St,208-862-5339,208-737-8439,vmondella@mondella.com,2,65,6,Cyber security,1
Kallie,Blackwood,701 S Harrison Rd,415-315-2761,415-604-7609,kallie.blackwood@gmail.com,2,61,6,Cyber security,2
Johnetta,Abdallah,1088 Pinehurst St,919-225-9345,919-715-3791,johnetta_abdallah@aol.com,2,63,8,Cyber security,3
Bobbye,Rhym,30 W 80th St #1995,650-528-5783,650-811-9032,brhym@rhym.com,1,65,8,Web development,3
Micaela,Rhymes,20932 Hedley St,925-647-3298,925-522-7798,micaela_rhymes@gmail.com,1,65,7,App development,1
Tamar,Hoogland,2737 Pistorio Rd #9230,740-343-8575,740-526-5410,tamar@hotmail.com,1,62,7,Cyber security,2
Moon,Parlato,74989 Brandon St,585-866-8313,585-498-4278,moon@yahoo.com,1,64,8.5,Cyber security,3
Laurel,Reitler,6 Kains Ave,410-520-4832,410-957-6903,laurel_reitler@reitler.com,1,64,7.5,Web development,2
Delisa,Crupi,47565 W Grand Ave,973-354-2040,973-847-9611,delisa.crupi@crupi.com,1,63,7.5,Cyber security,1
Viva,Toelkes,4284 Dorigo Ln,773-446-5569,773-352-3437,viva.toelkes@gmail.com,1,70,6.5,Web development,1
Elza,Lipke,6794 Lake Dr E,973-927-3447,973-796-3667,elza@yahoo.com,2,71,6,Web development,2
Devorah,Chickering,31 Douglas Blvd #950,505-975-8559,505-950-1763,devorah@hotmail.com,2,72,6,App development,3
Timothy,Mulqueen,44 W 4th St,718-332-6527,718-654-7063,timothy_mulqueen@mulqueen.org,2,73,6,Cyber security,3
Arlette,Honeywell,11279 Loytan St,904-775-4480,904-514-9918,ahoneywell@honeywell.com,2,74,6,Cyber security,2
Dominque,Dickerson,69 Marquette Ave,510-993-3758,510-901-7640,dominque.dickerson@dickerson.org,2,72,7,Web development,1
Lettie,Isenhower,70 W Main St,216-657-7668,216-733-8494,lettie_isenhower@yahoo.com,0,71,8,App development,2
Myra,Munns,461 Prospect Pl #316,817-914-7518,817-451-3518,mmunns@cox.net,0,70,7,Cyber security,3
Stephaine,Barfield,47154 Whipple Ave Nw,310-774-7643,310-968-1219,stephaine@barfield.com,0,69,8,Web development,1
Lai,Gato,37 Alabama Ave,847-728-7286,847-957-4614,lai.gato@gato.org,0,68,7,Cyber security,2
Stephen,Emigh,3777 E Richmond St #900,330-537-5358,330-700-2312,stephen_emigh@hotmail.com,0,67,7,Web development,3
Tyra,Shields,3 Fort Worth Ave,215-255-1641,215-228-8264,tshields@gmail.com,0,63,6,App development,3
Tammara,Wardrip,4800 Black Horse Pike,650-803-1936,650-216-5075,twardrip@cox.net,0,64,6.5,App development,2
Cory,Gibes,83649 W Belmont Ave,626-572-1096,626-696-2777,cory.gibes@gmail.com,0,65,6,Web development,1
Danica,Bruschke,840 15th Ave,254-782-8569,254-205-1422,danica_bruschke@gmail.com,0,67,6,App development,1
Wilda,Giguere,1747 Calle Amanecer #2,907-870-5536,907-914-9482,wilda@cox.net,0,69,7.5,Cyber security,2
Elvera,Benimadho,99385 Charity St #840,408-703-8505,408-440-8447,elvera.benimadho@cox.net,0,68,7.5,Web development,3
Carma,Vanheusen,68556 Central Hwy,510-503-7169,510-452-4835,carma@cox.net,0,62,8.5,Web development,3
Malinda,Hochard,55 Riverside Ave,317-722-5066,317-472-2412,malinda.hochard@yahoo.com,0,65,8,Cyber security,2
Natalie,Fern,7140 University Ave,307-704-8713,307-279-3793,natalie.fern@hotmail.com,0,75,8,Cyber security,1
Lisha,Centini,64 5th Ave #1153,703-235-3937,703-475-7568,lisha@centini.org,0,75,8,App development,1
Arlene,Klusman,3 Secor Rd,504-710-5840,504-946-1807,arlene_klusman@gmail.com,1,74,8.5,Web development,3
Alease,Buemi,4 Webbs Chapel Rd,303-301-4946,303-521-9860,alease@buemi.com,1,73,6,App development,3
Louisa,Cronauer,524 Louisiana Ave Nw,510-828-7047,510-472-7758,louisa@cronauer.com,1,74,7,Web development,3
Angella,Cetta,185 Blackstone Bldge,808-892-7943,808-475-2310,angella.cetta@hotmail.com,1,73,6,App development,2
Cyndy,Goldammer,170 Wyoming Ave,952-334-9408,952-938-9457,cgoldammer@cox.net,1,74,8,App development,1
Rosio,Cork,4 10th St W,336-243-5659,336-497-4407,rosio.cork@gmail.com,2,73,7,Web development,2
Celeste,Korando,7 W Pinhook Rd,516-509-2347,516-365-7266,ckorando@hotmail.com,2,74,6.5,Cyber security,3
Twana,Felger,1 Commerce Way,503-939-3153,503-909-7167,twana.felger@felger.org,2,75,8,Cyber security,3
Estrella,Samu,64 Lakeview Ave,608-976-7199,608-942-8836,estrella@aol.com,2,72,8.5,Cyber security,3
Donte,Kines,3 Aspen St,508-429-8576,508-843-1426,dkines@hotmail.com,2,65,7,Web development,2
Tiffiny,Steffensmeier,32860 Sierra Rd,305-385-9695,305-304-6573,tiffiny_steffensmeier@cox.net,2,64,7.5,App development,1
Edna,Miceli,555 Main St,814-460-2655,814-299-2877,emiceli@miceli.org,2,62,6.5,Cyber security,3
Sue,Kownacki,2 Se 3rd Ave,972-666-3413,972-742-4000,sue@aol.com,1,61,7.5,Cyber security,2
Jesusa,Shin,2239 Shawnee Mission Pky,931-273-8709,931-739-1551,jshin@shin.com,2,63,8,Web development,1
Rolland,Francescon,2726 Charcot Ave,973-649-2922,973-284-4048,rolland@cox.net,2,61,8,Cyber security,2
Pamella,Schmierer,5161 Dorsett Rd,305-420-8970,305-575-8481,pamella.schmierer@schmierer.org,1,60,8,Web development,1
Glory,Kulzer,55892 Jacksonville Rd,410-224-9462,410-916-8015,gkulzer@kulzer.org,2,61,7.5,Web development,2
Shawna,Palaspas,5 N Cleveland Massillon Rd,805-275-3566,805-638-6617,shawna_palaspas@palaspas.org,2,71,6,App development,3
Brandon,Callaro,7 Benton Dr,808-215-6832,808-240-5168,brandon_callaro@hotmail.com,1,75,6.5,Cyber security,1
Scarlet,Cartan,9390 S Howell Ave,229-735-3378,229-365-9658,scarlet.cartan@yahoo.com,1,60,8.5,Cyber security,2
Oretha,Menter,8 County Center Dr #647,617-418-5043,617-697-6024,oretha_menter@yahoo.com,1,60,8.5,Web development,2
Ty,Smith,4646 Kaahumanu St,201-672-1553,201-995-3149,tsmith@aol.com,1,75,6,App development,1
Xuan,Rochin,2 Monroe St,650-933-5072,650-247-2625,xuan@gmail.com,1,63,6,Cyber security,1
Lindsey,Dilello,52777 Leaders Heights Rd,909-639-9887,909-589-1693,lindsey.dilello@hotmail.com,2,61,8,Web development,2
Devora,Perez,72868 Blackington Ave,510-955-3016,510-755-9274,devora_perez@perez.org,1,67,8,Cyber security,1
Herman,Demesa,9 Norristown Rd,518-497-2940,518-931-7852,hdemesa@cox.net,2,62,7,Web development,2
Rory,Papasergi,83 County Road 437 #8581,570-867-7489,570-469-8401,rpapasergi@cox.net,1,70,7,App development,2
Talia,Riopelle,1 N Harlem Ave #9,973-245-2133,973-818-9788,talia_riopelle@aol.com,2,65,8.5,App development,1
Van,Shire,90131 J St,908-409-2890,908-448-1209,van.shire@shire.com,1,61,7.5,Web development,2
Lucina,Lary,8597 W National Ave,321-749-4981,321-632-4668,lucina_lary@cox.net,2,63,7.5,App development,3
Bok,Isaacs,6 Gilson St,718-809-3762,718-478-8568,bok.isaacs@aol.com,1,65,6.5,Cyber security,3
Rolande,Spickerman,65 W Maple Ave,808-315-3077,808-526-5863,rolande.spickerman@spickerman.com,0,65,6,Web development,1
Howard,Paulas,866 34th Ave,303-623-4241,303-692-3118,hpaulas@gmail.com,0,62,6,Web development,2
Kimbery,Madarang,798 Lund Farm Way,973-310-1634,973-225-6259,kimbery_madarang@cox.net,0,64,6,Cyber security,3
Thurman,Manno,9387 Charcot Ave,609-524-3586,609-234-8376,thurman.manno@yahoo.com,1,64,6,Cyber security,2
Becky,Mirafuentes,30553 Washington Rd,908-877-8409,908-426-8272,becky.mirafuentes@mirafuentes.com,0,63,7,App development,1
Beatriz,Corrington,481 W Lemon St,508-584-4279,508-315-3867,beatriz@yahoo.com,1,70,8,Web development,1
Marti,Maybury,4 Warehouse Point Rd #7,773-775-4522,773-539-1058,marti.maybury@yahoo.com,0,71,7,App development,2
Nieves,Gotter,4940 Pulaski Park Dr,503-527-5274,503-455-3094,nieves_gotter@gmail.com,1,72,8,Web development,3
Leatha,Hagele,627 Walford Ave,214-339-1809,214-225-5850,lhagele@cox.net,0,73,7,App development,3
Valentin,Klimek,137 Pioneer Way,312-303-5453,312-512-2338,vklimek@klimek.org,1,74,7,App development,2
Melissa,Wiklund,61 13 Stoneridge #835,419-939-3613,419-254-4591,melissa@cox.net,0,72,6,Web development,1
Sheridan,Zane,2409 Alabama Rd,951-645-3605,951-248-6822,sheridan.zane@zane.com,1,71,6.5,Cyber security,2
Bulah,Padilla,8927 Vandever Ave,254-463-4368,254-816-8417,bulah_padilla@hotmail.com,0,70,6,Cyber security,3
Audra,Kohnert,134 Lewis Rd,615-406-7854,615-448-9249,audra@kohnert.com,1,69,6,Cyber security,1
Daren,Weirather,9 N College Ave #3,414-959-2540,414-838-3151,dweirather@aol.com,0,68,7.5,Web development,2
Fernanda,Jillson,60480 Old Us Highway 51,410-387-5260,410-724-6472,fjillson@aol.com,1,67,7.5,App development,3
Gearldine,Gellinger,4 Bloomfield Ave,972-934-6914,972-821-7118,gearldine_gellinger@gellinger.com,0,63,8.5,Cyber security,3
Chau,Kitzman,429 Tiger Ln,310-560-8022,310-969-7230,chau@gmail.com,1,64,8,Cyber security,2
Theola,Frey,54169 N Main St,516-948-5768,516-357-3362,theola_frey@frey.com,0,65,8,Web development,1
Cheryl,Haroldson,92 Main St,609-518-7697,609-263-9243,cheryl@haroldson.org,2,67,8,Cyber security,1
Laticia,Merced,72 Mannix Dr,513-508-7371,513-418-1566,lmerced@gmail.com,0,69,8.5,Web development,2
Carissa,Batman,12270 Caton Center Dr,541-326-4074,541-801-5717,carissa.batman@yahoo.com,1,68,6,Web development,3
Lezlie,Craghead,749 W 18th St #45,919-533-3762,919-885-2453,lezlie.craghead@craghead.org,2,62,7,App development,3
Ozell,Shealy,8 Industry Ln,212-332-8435,212-880-8865,oshealy@hotmail.com,0,65,6,Cyber security,2
Arminda,Parvis,1 Huntwood Ave,602-906-9419,602-277-3025,arminda@parvis.com,2,75,8,Cyber security,1
Reita,Leto,55262 N French Rd,317-234-1135,317-787-5514,reita.leto@gmail.com,2,75,7,Web development,1
Yolando,Luczki,422 E 21st St,315-304-4759,315-640-6357,yolando@cox.net,1,74,6.5,App development,3
Lizette,Stem,501 N 19th Ave,856-487-5412,856-702-3676,lizette.stem@aol.com,2,73,8,Cyber security,3
Gregoria,Pawlowicz,455 N Main Ave,516-212-1915,516-376-4230,gpawlowicz@yahoo.com,1,74,8.5,Web development,3
Carin,Deleo,1844 Southern Blvd,501-308-1040,501-409-6072,cdeleo@deleo.com,2,73,7,Cyber security,2
Chantell,Maynerich,2023 Greg St,651-591-2583,651-776-9688,chantell@yahoo.com,0,74,7.5,Web development,1
Dierdre,Yum,63381 Jenks Ave,215-325-3042,215-346-4666,dyum@yahoo.com,2,73,6.5,App development,2
Larae,Gudroe,6651 Municipal Rd,985-890-7262,985-261-5783,larae_gudroe@gmail.com,1,74,7.5,App development,3
Latrice,Tolfree,81 Norris Ave #525,631-957-7624,631-998-2102,latrice.tolfree@hotmail.com,0,75,8,Web development,3
Kerry,Theodorov,6916 W Main St,916-591-3277,916-770-7448,kerry.theodorov@gmail.com,2,72,8,App development,3
Dorthy,Hidvegi,9635 S Main St,208-649-2373,208-690-3315,dhidvegi@yahoo.com,0,65,8,Cyber security,2
Fannie,Lungren,17 Us Highway 111,512-587-5746,512-528-9933,fannie.lungren@yahoo.com,1,64,7.5,Web development,1
Evangelina,Radde,992 Civic Center Dr,215-964-3284,215-417-5612,evangelina@aol.com,2,62,6,Web development,3
Novella,Degroot,303 N Radcliffe St,808-477-4775,808-746-1865,novella_degroot@degroot.org,0,61,6.5,Cyber security,2
Clay,Hoa,73 Saint Ann St #86,775-501-8109,775-848-9135,choa@hoa.org,0,63,8.5,Cyber security,1
Jennifer,Fallick,44 58th St,847-979-9545,847-800-3054,jfallick@yahoo.com,1,61,8.5,App development,2
Irma,Wolfgramm,9745 W Main St,973-545-7355,973-868-8660,irma.wolfgramm@hotmail.com,2,60,6,Web development,1
Eun,Coody,84 Bloomfield Ave,864-256-3620,864-594-4578,eun@yahoo.com,2,61,6,App development,2
Sylvia,Cousey,287 Youngstown Warren Rd,410-209-9545,410-863-8263,sylvia_cousey@cousey.org,1,71,8,Web development,3
Nana,Wrinkles,6 Van Buren St,914-855-2115,914-796-3775,nana@aol.com,0,75,8,App development,1
Layla,Springe,229 N Forty Driv,212-260-3151,212-253-7448,layla.springe@cox.net,1,60,7,App development,2
Joesph,Degonia,2887 Knowlton St #5435,510-677-9785,510-942-5916,joesph_degonia@degonia.org,2,60,7,Web development,2
Annabelle,Boord,523 Marquette Ave,978-697-6263,978-289-7717,annabelle.boord@cox.net,0,75,8.5,Cyber security,1
Stephaine,Vinning,3717 Hamann Industrial Pky,415-767-6596,415-712-9530,stephaine@cox.net,1,63,7.5,Cyber security,1
Nelida,Sawchuk,3 State Route 35 S,201-971-1638,201-247-8925,nelida@gmail.com,2,61,7.5,Cyber security,2
Marguerita,Hiatt,82 N Highway 67,925-634-7158,925-541-8521,marguerita.hiatt@gmail.com,2,67,6.5,Web development,1
Carmela,Cookey,9 Murfreesboro Rd,773-494-4195,773-297-9391,ccookey@cookey.org,1,62,6,App development,2
Junita,Brideau,6 S Broadway St,973-943-3423,973-582-5469,jbrideau@aol.com,0,70,6,Cyber security,2
Claribel,Varriano,6 Harry L Dr #6327,419-544-4900,419-573-2033,claribel_varriano@cox.net,1,65,6,Cyber security,1
Benton,Skursky,47939 Porter Ave,310-579-2907,310-694-8466,benton.skursky@aol.com,2,61,6,Web development,2
Hillary,Skulski,9 Wales Rd Ne #914,352-242-2570,352-990-5946,hillary.skulski@aol.com,0,63,7,Cyber security,3
Merilyn,Bayless,195 13n N,408-758-5015,408-346-2180,merilyn_bayless@cox.net,0,65,8,Web development,3
Teri,Ennaco,99 Tank Farm Rd,570-889-5187,570-355-1665,tennaco@gmail.com,0,65,7,Web development,1
Merlyn,Lawler,4671 Alemany Blvd,201-588-7810,201-858-9960,merlyn_lawler@hotmail.com,0,62,8,App development,2
Georgene,Montezuma,98 University Dr,925-615-5185,925-943-3449,gmontezuma@cox.net,2,64,7,Cyber security,3
Jettie,Mconnell,50 E Wacker Dr,908-802-3564,908-602-5258,jmconnell@hotmail.com,0,64,7,Cyber security,2
Lemuel,Latzke,70 Euclid Ave #722,631-748-6479,631-291-4976,lemuel.latzke@gmail.com,1,63,6,Web development,1
Melodie,Knipp,326 E Main St #6496,805-690-1682,805-810-8964,mknipp@gmail.com,2,70,6.5,App development,1
Candida,Corbley,406 Main St,908-275-8357,908-943-6103,candida_corbley@hotmail.com,0,71,6,Cyber security,2
Karan,Karpin,3 Elmwood Dr,503-940-8327,503-707-5812,karan_karpin@gmail.com,1,72,6,Web development,3
Andra,Scheyer,9 Church St,503-516-2189,503-950-3068,andra@gmail.com,2,73,7.5,Cyber security,3
Felicidad,Poullion,9939 N 14th St,856-305-9731,856-828-6021,fpoullion@poullion.com,1,74,7.5,Web development,2
Belen,Strassner,5384 Southwyck Blvd,770-507-8791,770-802-4003,belen_strassner@aol.com,2,72,8.5,App development,1
Gracia,Melnyk,97 Airport Loop Dr,904-235-3633,904-627-4341,gracia@melnyk.com,2,71,8,App development,2
Jolanda,Hanafan,37855 Nolan Rd,207-458-9196,207-233-6185,jhanafan@gmail.com,1,70,8,Web development,3
Barrett,Toyama,4252 N Washington Ave #9,817-765-5781,817-577-6151,barrett.toyama@toyama.org,2,69,8,App development,1
Helga,Fredicks,42754 S Ash Ave,716-752-4114,716-854-9845,helga_fredicks@yahoo.com,2,68,8.5,Cyber security,2
Ashlyn,Pinilla,703 Beville Rd,305-670-9628,305-857-5489,apinilla@cox.net,2,67,6,Web development,3
Fausto,Agramonte,5 Harrison Rd,212-313-1783,212-778-3063,fausto_agramonte@yahoo.com,1,63,7,Web development,3
Ronny,Caiafa,73 Southern Blvd,215-605-7570,215-511-3531,ronny.caiafa@caiafa.org,1,64,6,Cyber security,2
Marge,Limmel,189 Village Park Rd,850-430-1663,850-330-8079,marge@gmail.com,1,65,8,Cyber security,1
Norah,Waymire,6 Middlegate Rd #106,415-306-7897,415-874-2984,norah.waymire@gmail.com,1,67,7,App development,1
Aliza,Baltimore,1128 Delaware St,408-504-3552,408-425-1994,aliza@aol.com,1,69,6.5,Web development,2
Mozell,Pelkowski,577 Parade St,650-947-1215,650-960-1069,mpelkowski@pelkowski.org,1,68,8,App development,3
Viola,Bitsuie,70 Mechanic St,818-864-4875,818-481-5787,viola@gmail.com,2,62,8.5,Web development,3
Franklyn,Emard,4379 Highway 116,215-558-8189,215-483-3003,femard@emard.com,2,65,7,App development,2
Willodean,Konopacki,55 Hawthorne Blvd,337-253-8384,337-774-7564,willodean_konopacki@konopacki.org,2,75,7.5,App development,1
Beckie,Silvestrini,7116 Western Ave,313-533-4884,313-390-7855,beckie.silvestrini@silvestrini.com,0,75,6.5,Web development,1
Rebecka,Gesick,2026 N Plankinton Ave #3,512-213-8574,512-693-8345,rgesick@gesick.org,0,74,7.5,Cyber security,3
Frederica,Blunk,99586 Main St,214-428-2285,214-529-1949,frederica_blunk@gmail.com,0,73,8,Cyber security,3
Glen,Bartolet,8739 Hudson St,206-697-5796,206-389-1482,glen_bartolet@hotmail.com,0,74,8,Cyber security,3
Freeman,Gochal,383 Gunderman Rd #197,610-476-3501,610-752-2683,freeman_gochal@aol.com,0,73,8,Web development,2
Vincent,Meinerding,4441 Point Term Mkt,215-372-1718,215-829-4221,vincent.meinerding@hotmail.com,1,74,7.5,App development,1
Rima,Bevelacqua,2972 Lafayette Ave,310-858-5079,310-499-4200,rima@cox.net,1,73,6,Cyber security,2
Glendora,Sarbacher,2140 Diamond Blvd,707-653-8214,707-881-3154,gsarbacher@gmail.com,2,74,6.5,Cyber security,3
Avery,Steier,93 Redmond Rd #492,407-808-9439,407-945-8566,avery@cox.net,1,75,8.5,Web development,3
Cristy,Lother,3989 Portage Tr,760-971-4322,760-465-4762,cristy@lother.com,2,72,8.5,Cyber security,3
Nicolette,Brossart,1 Midway Rd,508-837-9230,508-504-6388,nicolette_brossart@brossart.com,1,65,6,Web development,2
Tracey,Modzelewski,77132 Coon Rapids Blvd Nw,936-264-9294,936-988-8171,tracey@hotmail.com,2,64,6,Web development,1
Virgina,Tegarden,755 Harbor Way,414-214-8697,414-411-5744,virgina_tegarden@tegarden.com,1,62,8,App development,3
Tiera,Frankel,87 Sierra Rd,626-636-4117,626-638-4241,tfrankel@aol.com,2,61,8,Cyber security,2
Alaine,Bergesen,7667 S Hulen St #42,914-300-9193,914-654-1426,alaine_bergesen@cox.net,2,63,7,Cyber security,1
Earleen,Mai,75684 S Withlapopka Dr #32,214-289-1973,214-785-6750,earleen_mai@cox.net,2,61,7,Web development,2
Leonida,Gobern,5 Elmwood Park Blvd,228-235-5615,228-432-4635,leonida@gobern.org,0,60,8.5,App development,1
Ressie,Auffrey,23 Palo Alto Sq,305-604-8981,305-287-4743,ressie.auffrey@yahoo.com,0,61,7.5,Cyber security,2
Justine,Mugnolo,38062 E Main St,212-304-9225,212-311-6377,jmugnolo@yahoo.com,0,71,7.5,Web development,3
Eladia,Saulter,3958 S Dupont Hwy #7,201-474-4924,201-365-8698,eladia@saulter.com,1,75,6.5,Cyber security,1
Chaya,Malvin,560 Civic Center Dr,734-928-5182,734-408-8174,chaya@malvin.com,1,60,6,Web development,2
Gwenn,Suffield,3270 Dequindre Rd,631-258-6558,631-295-9879,gwenn_suffield@suffield.org,1,60,6,App development,2
Salena,Karpel,1 Garfield Ave #7,330-791-8557,330-618-2579,skarpel@cox.net,1,75,6,App development,1
Yoko,Fishburne,9122 Carpenter Ave,203-506-4706,203-840-8634,yoko@fishburne.com,1,63,6,Web development,1
Taryn,Moyd,48 Lenox St,703-322-4041,703-938-7939,taryn.moyd@hotmail.com,2,61,7,App development,2
Katina,Polidori,5 Little River Tpke,978-626-2978,978-679-7429,katina_polidori@aol.com,2,67,8,Cyber security,1
Rickie,Plumer,3 N Groesbeck Hwy,419-693-1334,419-313-5571,rickie.plumer@aol.com,2,62,7,Web development,2
Alex,Loader,37 N Elm St #916,253-660-7821,253-875-9222,alex@loader.com,2,70,8,Web development,2
Lashon,Vizarro,433 Westminster Blvd #590,916-741-7884,916-289-4526,lashon@aol.com,2,65,7,Cyber security,1
Lauran,Burnard,66697 Park Pl #3224,307-342-7795,307-453-7589,lburnard@burnard.com,1,61,7,Cyber security,2
Ceola,Setter,96263 Greenwood Pl,207-627-7565,207-297-5029,ceola.setter@setter.org,1,63,6,App development,3
My,Rantanen,8 Mcarthur Ln,215-491-5633,215-647-2158,my@hotmail.com,1,65,6.5,Web development,3
Lorrine,Worlds,8 Fair Lawn Ave,813-769-2939,813-863-6467,lorrine.worlds@worlds.com,1,65,6,App development,1
Peggie,Sturiale,9 N 14th St,619-608-1763,619-695-8086,peggie@cox.net,1,62,6,Web development,2
Marvel,Raymo,9 Vanowen St,979-718-8968,979-809-5770,mraymo@yahoo.com,1,64,7.5,App development,3
Daron,Dinos,18 Waterloo Geneva Rd,847-233-3075,847-265-6609,daron_dinos@cox.net,1,64,7.5,App development,2
An,Fritz,506 S Hacienda Dr,609-228-5265,609-854-7156,an_fritz@hotmail.com,2,63,8.5,Web development,1
Portia,Stimmel,3732 Sherman Ave,908-722-7128,908-670-4712,portia.stimmel@aol.com,2,70,8,Cyber security,1
Rhea,Aredondo,25657 Live Oak St,718-560-9537,718-280-4183,rhea_aredondo@cox.net,2,71,8,Cyber security,2
Benedict,Sama,4923 Carey Ave,314-787-1588,314-858-4832,bsama@cox.net,2,72,8,Cyber security,3
Alyce,Arias,3196 S Rider Trl,209-317-1801,209-242-7022,alyce@arias.org,2,73,8.5,Web development,3
Heike,Berganza,3 Railway Ave #75,973-936-5095,973-822-8827,heike@gmail.com,0,74,6,App development,2
Carey,Dopico,87393 E Highland Rd,317-578-2453,317-441-5848,carey_dopico@dopico.org,0,72,7,Cyber security,1
Dottie,Hellickson,67 E Chestnut Hill Rd,206-540-6076,206-295-5631,dottie@hellickson.org,0,71,6,Cyber security,2
Deandrea,Hughey,33 Lewis Rd #46,336-822-7652,336-467-3095,deandrea@yahoo.com,0,70,8,Web development,3
Kimberlie,Duenas,8100 Jacksonville Rd #7,785-629-8542,785-616-1685,kimberlie_duenas@yahoo.com,0,69,7,Cyber security,1
Martina,Staback,7 W Wabansia Ave #227,407-471-6908,407-429-2145,martina_staback@staback.com,0,68,6.5,Web development,2
Skye,Fillingim,25 Minters Chapel Rd #9,612-508-2655,612-664-6304,skye_fillingim@yahoo.com,0,67,8,Web development,3
Jade,Farrar,6882 Torresdale Ave,803-352-5387,803-975-3405,jade.farrar@yahoo.com,0,63,8.5,App development,3
Charlene,Hamilton,985 E 6th Ave,707-300-1771,707-821-8037,charlene.hamilton@hotmail.com,0,64,7,Cyber security,2
Geoffrey,Acey,7 West Ave #1,847-222-1734,847-556-2909,geoffrey@gmail.com,0,65,7.5,Cyber security,1
Stevie,Westerbeck,26659 N 13th St,949-867-4077,949-903-3898,stevie.westerbeck@yahoo.com,0,67,6.5,Web development,1
Pamella,Fortino,669 Packerland Dr #1438,303-404-2210,303-794-1341,pamella@fortino.com,0,69,7.5,App development,2
Harrison,Haufler,759 Eldora St,203-801-6193,203-801-8497,hhaufler@hotmail.com,0,68,8,Cyber security,3
Johnna,Engelberg,5 S Colorado Blvd #449,425-986-7573,425-700-3751,jengelberg@engelberg.org,0,62,8,Web development,3
Buddy,Cloney,944 Gaither Dr,440-989-5826,440-327-2093,buddy.cloney@yahoo.com,0,65,8,Cyber security,2
Dalene,Riden,66552 Malone Rd,603-315-6839,603-745-7497,dalene.riden@aol.com,1,75,7.5,Web development,1
Jerry,Zurcher,77 Massillon Rd #822,321-518-5938,321-597-2159,jzurcher@zurcher.org,1,75,6,App development,1
Haydee,Denooyer,25346 New Rd,212-792-8658,212-782-3493,hdenooyer@denooyer.org,1,74,6.5,App development,3
Joseph,Cryer,60 Fillmore Ave,714-584-2237,714-698-2170,joseph_cryer@cox.net,1,73,8.5,Web development,3
Deonna,Kippley,57 Haven Ave #90,248-913-4677,248-793-4966,deonna_kippley@hotmail.com,1,74,8.5,App development,3
Raymon,Calvaresi,6538 E Pomona St #60,317-825-4724,317-342-1532,raymon.calvaresi@gmail.com,2,73,6,Cyber security,2
Alecia,Bubash,6535 Joyce St,940-276-7922,940-302-3036,alecia@aol.com,2,74,6,Web development,1
Ma,Layous,78112 Morris Ave,203-721-3388,203-564-1543,mlayous@hotmail.com,2,73,8,Web development,2
Detra,Coyier,96950 Hidden Ln,410-739-9277,410-259-2118,detra@aol.com,2,74,8,Cyber security,3
Terrilyn,Rodeigues,3718 S Main St,504-463-4384,504-635-8518,terrilyn.rodeigues@cox.net,2,75,7,Cyber security,3
Salome,Lacovara,9677 Commerce Dr,804-550-5097,804-858-1011,slacovara@gmail.com,2,72,7,App development,3
Garry,Keetch,5 Green Pond Rd #4,215-979-8776,215-846-9046,garry_keetch@hotmail.com,2,65,8.5,Web development,2
Matthew,Neither,636 Commerce Dr #42,952-651-7597,952-906-4597,mneither@yahoo.com,1,64,7.5,App development,1
Theodora,Restrepo,42744 Hamann Industrial Pky #82,305-936-8226,305-573-1085,theodora.restrepo@restrepo.com,2,62,7.5,Web development,3
Noah,Kalafatis,1950 5th Ave,414-263-5287,414-660-9766,noah.kalafatis@aol.com,2,61,6.5,App development,2
Carmen,Sweigard,61304 N French Rd,732-941-2621,732-445-6940,csweigard@sweigard.com,1,63,6,App development,1
Lavonda,Hengel,87 Imperial Ct #79,701-898-2154,701-421-7080,lavonda@cox.net,2,61,6,Web development,0
Junita,Stoltzman,94 W Dodge Rd,775-638-9963,775-578-1214,junita@aol.com,2,60,6,Cyber security,1
Herminia,Nicolozakes,4 58th St #3519,602-954-5141,602-304-6433,herminia@nicolozakes.org,1,61,6,Cyber security,2
Casie,Good,5221 Bear Valley Rd,615-390-2251,615-825-4297,casie.good@aol.com,1,71,7,Cyber security,2
Reena,Maisto,9648 S Main,410-351-1863,410-951-2667,reena@hotmail.com,1,75,8,Web development,1
Mirta,Mallett,7 S San Marcos Rd,212-870-1286,212-745-6948,mirta_mallett@gmail.com,1,60,7,App development,1
Cathrine,Pontoriero,812 S Haven St,806-703-1435,806-558-5848,cathrine.pontoriero@pontoriero.com,1,60,8,Cyber security,2
Filiberto,Tawil,3882 W Congress St #799,323-765-2528,323-842-8226,ftawil@hotmail.com,2,75,7,Cyber security,1
Raul,Upthegrove,4 E Colonial Dr,619-509-5282,619-666-4765,rupthegrove@yahoo.com,1,63,7,Web development,2
Sarah,Candlish,45 2nd Ave #9759,770-732-1194,770-531-2842,sarah.candlish@gmail.com,2,61,6,Cyber security,2
Lucy,Treston,57254 Brickell Ave #372,508-769-5250,508-502-5634,lucy@cox.net,1,67,6.5,Web development,1
Judy,Aquas,8977 Connecticut Ave Nw #3,269-756-7222,269-431-9464,jaquas@aquas.com,2,62,6,Web development,2
Yvonne,Tjepkema,9 Waydell St,973-714-1721,973-976-8627,yvonne.tjepkema@hotmail.com,1,70,6,App development,3
Kayleigh,Lace,43 Huey P Long Ave,337-740-9323,337-751-2326,kayleigh.lace@yahoo.com,2,65,7.5,Cyber security,3
Felix,Hirpara,7563 Cornwall Rd #4462,717-491-5643,717-583-1497,felix_hirpara@cox.net,1,61,7.5,Cyber security,1
Tresa,Sweely,22 Bridle Ln,314-359-9566,314-231-3514,tresa_sweely@hotmail.com,0,63,8.5,Web development,2
Kristeen,Turinetti,70099 E North Ave,817-213-8851,817-947-9480,kristeen@gmail.com,0,65,8,App development,3
Jenelle,Regusters,3211 E Northeast Loop,813-932-8715,813-357-7296,jregusters@regusters.com,0,65,8,Cyber security,2
Renea,Monterrubio,26 Montgomery St,770-679-4752,770-930-9967,renea@hotmail.com,1,62,8,Web development,1
Olive,Matuszak,13252 Lighthouse Ave,760-938-6069,760-745-2649,olive@aol.com,0,64,8.5,Cyber security,1
Ligia,Reiber,206 Main St #2804,517-906-1108,517-747-7664,lreiber@cox.net,1,64,6,Web development,2
Christiane,Eschberger,96541 W Central Blvd,602-390-4944,602-330-6894,christiane.eschberger@yahoo.com,0,63,7,App development,3
Goldie,Schirpke,34 Saint George Ave #2,207-295-7569,207-748-3722,goldie.schirpke@yahoo.com,1,70,,App development,3
Loreta,Timenez,47857 Coney Island Ave,301-696-6420,301-392-6698,loreta.timenez@hotmail.com,0,71,,Web development,2
Fabiola,Hauenstein,8573 Lincoln Blvd,717-809-3119,717-344-2804,fabiola.hauenstein@hauenstein.org,1,72,6,App development,1
Amie,Perigo,596 Santa Maria Ave #7913,972-419-7946,972-898-1033,amie.perigo@yahoo.com,0,73,8,Cyber security,2
Raina,Brachle,3829 Ventura Blvd,406-318-1515,406-374-7752,raina.brachle@brachle.org,1,74,7,Web development,3
Erinn,Canlas,13 S Hacienda Dr,973-767-3008,973-563-9502,erinn.canlas@canlas.com,0,72,6.5,Web development,1
Cherry,Lietz,40 9th Ave Sw #91,248-980-6904,248-697-7722,cherry@lietz.com,1,71,8,Cyber security,2
Kattie,Vonasek,2845 Boulder Crescent St,216-923-3715,216-270-9653,kattie@vonasek.org,0,70,8.5,Cyber security,3
Lilli,Scriven,33 State St,325-631-1560,325-667-7868,lilli@aol.com,1,69,7,App development,3
Whitley,Tomasulo,2 S 15th St,817-526-4408,817-819-7799,whitley.tomasulo@aol.com,0,68,7.5,Web development,2
Barbra,Adkin,4 Kohler Memorial Dr,718-201-3751,718-732-9475,badkin@hotmail.com,1,67,6.5,App development,1
Hermila,Thyberg,1 Rancho Del Mar Shopping C,401-893-4882,401-885-7681,hermila_thyberg@hotmail.com,0,63,7.5,Web development,1
Jesusita,Flister,3943 N Highland Ave,717-885-9118,717-686-7564,jesusita.flister@hotmail.com,2,64,8,App development,2
Caitlin,Julia,5 Williams St,401-948-4982,401-552-9059,caitlin.julia@julia.org,0,65,8,App development,3
Roosevelt,Hoffis,60 Old Dover Rd,305-622-4739,305-302-1135,roosevelt.hoffis@aol.com,1,67,8,Web development,3
Helaine,Halter,8 Sheridan Rd,201-832-4168,201-412-3040,hhalter@yahoo.com,2,69,7.5,Cyber security,2
Lorean,Martabano,85092 Southern Blvd,210-856-4979,210-634-2447,lorean.martabano@hotmail.com,0,68,6,Cyber security,1
France,Buzick,64 Newman Springs Rd E,718-478-8504,718-853-3740,france.buzick@yahoo.com,2,62,6.5,Cyber security,1
Justine,Ferrario,48 Stratford Ave,909-993-3242,909-631-5703,jferrario@hotmail.com,2,65,8.5,Web development,3
Adelina,Nabours,80 Pittsford Victor Rd #9,216-230-4892,216-937-5320,adelina_nabours@gmail.com,1,75,8.5,App development,3
Derick,Dhamer,87163 N Main Ave,212-304-4515,212-225-9676,ddhamer@cox.net,2,75,6,Cyber security,3
Jerry,Dallen,393 Lafayette Ave,804-762-9576,804-808-9574,jerry.dallen@yahoo.com,1,74,6,Cyber security,2
Leota,Ragel,99 5th Ave #33,706-221-4243,706-616-5131,leota.ragel@gmail.com,2,73,8,Web development,1
Jutta,Amyot,49 N Mays St,337-515-1438,337-991-8070,jamyot@hotmail.com,0,74,8,Cyber security,2
Aja,Gehrett,993 Washington Ave,973-544-2677,973-986-4456,aja_gehrett@hotmail.com,2,73,7,Web development,3
Kirk,Herritt,88 15th Ave Ne,607-407-3716,607-350-7690,kirk.herritt@aol.com,1,74,7,Web development,3
Leonora,Mauson,3381 E 40th Ave,973-412-2995,973-355-2120,leonora@yahoo.com,0,73,8.5,App development,3
Winfred,Brucato,201 Ridgewood Rd,208-252-4552,208-793-4108,winfred_brucato@hotmail.com,2,74,7.5,Cyber security,2
Tarra,Nachor,39 Moccasin Dr,415-411-1775,415-284-2730,tarra.nachor@cox.net,0,75,7.5,Cyber security,1
Corinne,Loder,4 Carroll St,508-942-4186,508-618-7826,corinne@loder.org,1,72,6.5,Web development,3
Dulce,Labreche,9581 E Arapahoe Rd,248-357-8718,248-811-5696,dulce_labreche@yahoo.com,2,65,6,App development,2
Kate,Keneipp,33 N Michigan Ave,920-353-6377,920-355-1610,kate_keneipp@yahoo.com,0,64,6,Cyber security,1
Kaitlyn,Ogg,2 S Biscayne Blvd,410-665-4903,410-773-3862,kaitlyn.ogg@gmail.com,1,62,6,Web development,0
Sherita,Saras,8 Us Highway 22,719-669-1664,719-547-9543,sherita.saras@cox.net,0,61,6,Cyber security,1
Lashawnda,Stuer,7422 Martin Ave #8,419-588-8719,419-399-1744,lstuer@cox.net,1,63,7,Web development,2
Ernest,Syrop,94 Chase Rd,301-998-9644,301-257-4883,ernest@cox.net,0,61,8,App development,2
Nobuko,Halsey,8139 I Hwy 10 #92,508-855-9887,508-897-7916,nobuko.halsey@yahoo.com,1,60,7,App development,1
Lavonna,Wolny,5 Cabot Rd,703-483-1970,703-892-2914,lavonna.wolny@hotmail.com,0,61,8,Web development,1
Lashaunda,Lizama,3387 Ryan Dr,410-678-2473,410-912-6032,llizama@cox.net,1,71,7,App development,2
Mariann,Bilden,3125 Packer Ave #9851,512-223-4791,512-742-1149,mariann.bilden@aol.com,0,75,7,Cyber security,1
Helene,Rodenberger,347 Chestnut St,623-461-8551,623-426-4907,helene@aol.com,1,60,6,Web development,2
Roselle,Estell,8116 Mount Vernon Ave,419-571-5920,419-488-6648,roselle.estell@hotmail.com,0,60,6.5,Web development,2
Samira,Heintzman,8772 Old County Rd #5410,206-311-4137,206-923-6042,sheintzman@hotmail.com,1,75,6,Cyber security,1
Margart,Meisel,868 State St #38,513-617-2362,513-747-9603,margart_meisel@yahoo.com,0,63,6,Cyber security,2
Kristofer,Bennick,772 W River Dr,812-368-1511,812-442-8544,kristofer.bennick@yahoo.com,1,61,7.5,App development,3
Weldon,Acuff,73 W Barstow Ave,847-353-2156,847-613-5866,wacuff@gmail.com,0,67,7.5,Web development,3
Shalon,Shadrick,61047 Mayfield Ave,718-232-2337,718-394-4974,shalon@cox.net,1,62,8.5,App development,1
Denise,Patak,2139 Santa Rosa Ave,407-446-4358,407-808-3254,denise@patak.org,0,70,8,Web development,2
Louvenia,Beech,598 43rd St,310-820-2117,310-652-2379,louvenia.beech@beech.com,2,65,8,App development,3
Audry,Yaw,70295 Pioneer Ct,813-797-4816,813-744-7100,audry.yaw@yaw.org,0,61,8,App development,2
Kristel,Ehmann,92899 Kalakaua Ave,915-452-1290,915-300-6100,kristel.ehmann@aol.com,1,63,8.5,Web development,1
Vincenza,Zepp,395 S 6th St #2,619-603-5125,619-935-6661,vzepp@gmail.com,2,65,6,Cyber security,1
Elouise,Gwalthney,9506 Edgemore Ave,301-841-5012,301-591-3034,egwalthney@yahoo.com,0,65,7,Cyber security,2
Venita,Maillard,72119 S Walker Ave #63,714-523-6653,714-663-9740,venita_maillard@gmail.com,2,62,6,Cyber security,3
Kasandra,Semidey,369 Latham St #500,314-732-9131,314-697-3652,kasandra_semidey@semidey.com,2,64,8,Web development,3
Xochitl,Discipio,3158 Runamuck Pl,512-233-1831,512-942-3411,xdiscipio@gmail.com,1,64,7,App development,2
Maile,Linahan,9 Plainsboro Rd #598,336-670-2640,336-364-6037,mlinahan@yahoo.com,2,63,6.5,Cyber security,1
Krissy,Rauser,8728 S Broad St,631-443-4710,631-288-2866,krauser@cox.net,1,70,8,Cyber security,2
Pete,Dubaldi,2215 Prosperity Dr,201-825-2514,201-749-8866,pdubaldi@hotmail.com,2,71,8.5,Web development,3
Linn,Paa,1 S Pine St,901-412-4381,901-573-9024,linn_paa@paa.com,0,72,7,Cyber security,1
Paris,Wide,187 Market St,404-505-4445,404-607-8435,paris@hotmail.com,2,73,7.5,Web development,2
Wynell,Dorshorst,94290 S Buchanan St,650-473-1262,650-749-9879,wynell_dorshorst@dorshorst.org,1,74,6.5,Web development,3
Quentin,Birkner,7061 N 2nd St,952-702-7993,952-314-5871,qbirkner@aol.com,0,72,7.5,App development,3
Regenia,Kannady,10759 Main St,480-726-1280,480-205-5121,regenia.kannady@cox.net,2,71,8,Cyber security,2
Sheron,Louissant,97 E 3rd St #9,718-976-8610,718-613-9994,sheron@aol.com,0,70,8,Cyber security,1
Izetta,Funnell,82 Winsor St #54,770-844-3447,770-584-4119,izetta.funnell@hotmail.com,1,69,8,Web development,1
Rodolfo,Butzen,41 Steel Ct,507-210-3510,507-590-5237,rodolfo@hotmail.com,2,68,7.5,App development,2
Zona,Colla,49440 Dearborn St,203-461-1949,203-938-2557,zona@hotmail.com,0,67,6,Cyber security,3
Serina,Zagen,7 S Beverly Dr,260-273-3725,260-382-4869,szagen@aol.com,0,63,6.5,Web development,3
Paz,Sahagun,919 Wall Blvd,601-927-8287,601-249-4511,paz_sahagun@cox.net,1,64,8.5,Cyber security,2
Markus,Lukasik,89 20th St E #779,586-970-7380,586-247-1614,markus@yahoo.com,2,65,8.5,Web development,1
Jaclyn,Bachman,721 Interstate 45 S,719-853-3600,719-223-2074,jaclyn@aol.com,2,67,6,App development,1
Cyril,Daufeldt,3 Lawton St,212-745-8484,212-422-5427,cyril_daufeldt@daufeldt.com,1,69,6,App development,3
Gayla,Schnitzler,38 Pleasant Hill Rd,510-686-3407,510-441-4055,gschnitzler@gmail.com,0,68,8,Web development,3
Erick,Nievas,45 E Acacia Ct,773-704-9903,773-359-6109,erick_nievas@aol.com,1,62,8,App development,3
Jennie,Drymon,63728 Poway Rd #1,570-218-4831,570-868-8688,jennie@cox.net,2,65,7,Cyber security,2
Mitsue,Scipione,77 222 Dr,530-986-9272,530-399-3254,mscipione@scipione.com,0,75,7,Web development,1
Ciara,Ventura,53 W Carey St,845-823-8877,845-694-7919,cventura@yahoo.com,1,75,8.5,Web development,2
Galen,Cantres,617 Nw 36th Ave,216-600-6111,216-871-6876,galen@yahoo.com,2,74,7.5,Cyber security,3
Truman,Feichtner,539 Coldwater Canyon Ave,973-852-2736,973-473-5108,tfeichtner@yahoo.com,2,73,7.5,Cyber security,3
Gail,Kitty,735 Crawford Dr,907-435-9166,907-770-3542,gail@kitty.com,1,74,6.5,App development,3
Dalene,Schoeneck,910 Rahway Ave,215-268-1275,215-380-8820,dalene@schoeneck.org,0,73,6,Web development,2
Gertude,Witten,7 Tarrytown Rd,513-977-7043,513-863-9471,gertude.witten@gmail.com,1,74,6,App development,1
Lizbeth,Kohl,35433 Blake St #588,310-699-1222,310-955-5788,lizbeth@yahoo.com,2,73,6,Web development,3
Glenn,Berray,29 Cherry St #7073,515-370-7348,515-372-1738,gberray@gmail.com,0,74,6,App development,2
Lashandra,Klang,810 N La Brea Ave,610-809-1818,610-378-7332,lashandra@yahoo.com,0,75,7,App development,1
Lenna,Newville,987 Main St,919-623-2524,919-254-5987,lnewville@newville.com,0,72,8,Web development,0
Laurel,Pagliuca,36 Enterprise St Se,509-695-5199,509-595-6485,laurel@yahoo.com,0,65,7,Cyber security,1
Mireya,Frerking,8429 Miller Rd,914-868-5965,914-883-3061,mireya.frerking@hotmail.com,2,64,8,Cyber security,2
Annelle,Tagala,5 W 7th St,410-757-1035,410-234-2267,annelle@yahoo.com,0,62,7,Cyber security,2
Dean,Ketelsen,2 Flynn Rd,516-847-4418,516-732-6649,dean_ketelsen@gmail.com,1,61,7,Web development,1
Levi,Munis,2094 Ne 36th Ave,508-456-4907,508-658-7802,levi.munis@gmail.com,2,63,6,App development,1
Sylvie,Ryser,649 Tulane Ave,918-644-9555,918-565-1706,sylvie@aol.com,0,61,6.5,Cyber security,2
Sharee,Maile,2094 Montour Blvd,231-467-9978,231-265-6940,sharee_maile@aol.com,1,65,6,Cyber security,1
Cordelia,Storment,393 Hammond Dr,337-566-6001,337-255-3427,cordelia_storment@aol.com,2,65,6,Web development,2
Mollie,Mcdoniel,8590 Lake Lizzie Dr,419-975-3182,419-417-4674,mollie_mcdoniel@yahoo.com,1,62,7.5,Cyber security,2
Brett,Mccullan,87895 Concord Rd,619-461-9984,619-727-3892,brett.mccullan@mccullan.com,2,64,7.5,Web development,1
Teddy,Pedrozo,46314 Route 130,203-892-3863,203-918-3939,teddy_pedrozo@aol.com,2,64,8.5,Web development,2
Tasia,Andreason,4 Cowesett Ave,201-920-9002,201-969-7063,tasia_andreason@yahoo.com,1,63,8,App development,3
Hubert,Walthall,95 Main Ave #2,330-903-1345,330-566-8898,hubert@walthall.org,2,70,8,Cyber security,3
Arthur,Farrow,28 S 7th St #2824,201-238-5688,201-772-4377,arthur.farrow@yahoo.com,2,71,8,Cyber security,1
Vilma,Berlanga,79 S Howell Ave,616-737-3085,616-568-4113,vberlanga@berlanga.com,2,72,8.5,Web development,2
Billye,Miro,36 Lancaster Dr Se,601-567-5386,601-637-5479,billye_miro@cox.net,1,73,6,App development,3
Glenna,Slayton,2759 Livingston Ave,901-640-9178,901-869-4314,glenna_slayton@cox.net,1,74,7,Cyber security,2
Mitzie,Hudnall,17 Jersey Ave,303-402-1940,303-997-7760,mitzie_hudnall@yahoo.com,1,72,6,Web development,1
Bernardine,Rodefer,2 W Grand Ave,901-901-4726,901-739-5892,bernardine_rodefer@yahoo.com,1,71,8,Cyber security,1
Staci,Schmaltz,18 Coronado Ave #563,626-866-2339,626-293-7678,staci_schmaltz@aol.com,1,70,7,Web development,2
Nichelle,Meteer,72 Beechwood Ter,773-225-9985,773-857-2231,nichelle_meteer@meteer.com,1,69,6.5,App development,3
Janine,Rhoden,92 Broadway,718-228-5894,718-728-5051,jrhoden@yahoo.com,2,68,8,App development,3
Ettie,Hoopengardner,39 Franklin Ave,509-755-5393,509-847-3352,ettie.hoopengardner@hotmail.com,2,67,8.5,Web development,2
Eden,Jayson,4 Iwaena St,410-890-7866,410-429-4888,eden_jayson@yahoo.com,2,63,7,App development,1
Lynelle,Auber,32820 Corkwood Rd,973-860-8610,973-605-6492,lynelle_auber@gmail.com,0,64,7.5,Cyber security,2
Merissa,Tomblin,34 Raritan Center Pky,562-579-6900,562-719-7922,merissa.tomblin@gmail.com,0,65,6.5,Web development,3
Golda,Kaniecki,6201 S Nevada Ave,732-628-9909,732-617-5310,golda_kaniecki@yahoo.com,0,67,7.5,Web development,1
Catarina,Gleich,78 Maryland Dr #146,973-210-3994,973-491-8723,catarina_gleich@hotmail.com,0,69,8,Cyber security,2
Virgie,Kiel,76598 Rd  I 95 #1,303-776-7548,303-845-5408,vkiel@hotmail.com,0,68,8,Cyber security,3
Jolene,Ostolaza,1610 14th St Nw,757-682-7116,757-940-1741,jolene@yahoo.com,1,62,8,App development,3
Keneth,Borgman,86350 Roszel Rd,602-919-4211,602-442-3092,keneth@yahoo.com,1,65,7.5,Web development,2
Rikki,Nayar,1644 Clove Rd,305-968-9487,305-978-2069,rikki@nayar.com,2,75,6,App development,1
Elke,Sengbusch,9 W Central Ave,602-896-2993,602-575-3457,elke_sengbusch@yahoo.com,1,75,6.5,Web development,1
Hoa,Sarao,27846 Lafayette Ave,386-526-7800,386-599-7296,hoa@sarao.org,2,74,8.5,App development,2
Trinidad,Mcrae,10276 Brooks St,415-331-9634,415-419-1597,trinidad_mcrae@yahoo.com,1,73,8.5,App development,3
Mari,Lueckenbach,1 Century Park E,858-793-9684,858-228-5683,mari_lueckenbach@yahoo.com,2,74,6,Web development,3
Selma,Husser,9 State Highway 57 #22,201-991-8369,201-772-7699,selma.husser@cox.net,1,73,6,Cyber security,2
Antione,Onofrio,4 S Washington Ave,909-430-7765,909-665-3223,aonofrio@onofrio.com,2,74,8,Cyber security,1
Luisa,Jurney,25 Se 176th Pl,617-365-2134,617-544-2541,ljurney@hotmail.com,2,73,8,Cyber security,1
Clorinda,Heimann,105 Richmond Valley Rd,760-291-5497,760-261-4786,clorinda.heimann@hotmail.com,2,74,7,Web development,3
Dick,Wenzinger,22 Spruce St #595,310-510-9713,310-936-2258,dick@yahoo.com,0,75,7,App development,3
Ahmed,Angalich,2 W Beverly Blvd,717-528-8996,717-632-5831,ahmed.angalich@angalich.com,0,72,8.5,Cyber security,3
Iluminada,Ohms,72 Southern Blvd,480-293-2882,480-866-6544,iluminada.ohms@yahoo.com,0,65,7.5,Cyber security,2
Joanna,Leinenbach,1 Washington St,561-470-4574,561-951-9734,joanna_leinenbach@hotmail.com,1,64,7.5,Web development,1
Caprice,Suell,90177 N 55th Ave,615-246-1824,615-726-4537,caprice@aol.com,1,62,6.5,Cyber security,2
Stephane,Myricks,9 Tower Ave,859-717-7638,859-308-4286,stephane_myricks@cox.net,1,61,6,Web development,3
Quentin,Swayze,278 Bayview Ave,734-561-6170,734-851-8571,quentin_swayze@yahoo.com,1,63,6,Web development,3
Annmarie,Castros,80312 W 32nd St,936-751-7961,936-937-2334,annmarie_castros@gmail.com,1,61,6,App development,3
Shonda,Greenbush,82 Us Highway 46,973-482-2430,973-644-2974,shonda_greenbush@cox.net,2,65,6,Cyber security,2
Cecil,Lapage,4 Stovall St #72,201-693-3967,201-856-2720,clapage@lapage.com,2,65,7,Cyber security,1
Jeanice,Claucherty,19 Amboy Ave,305-988-4162,305-306-7834,jeanice.claucherty@yahoo.com,2,62,8,Web development,3
Josphine,Villanueva,63 Smith Ln #8343,931-553-9774,931-486-6946,josphine_villanueva@villanueva.com,2,64,7,App development,2
Daniel,Perruzza,11360 S Halsted St,714-771-3880,714-531-1391,dperruzza@perruzza.com,2,64,8,Cyber security,1
Cassi,Wildfong,26849 Jefferson Hwy,847-633-3216,847-755-9041,cassi.wildfong@aol.com,1,63,7,Web development,0
Britt,Galam,2500 Pringle Rd Se #508,215-888-3304,215-351-8523,britt@galam.org,1,70,7,Cyber security,1
Adell,Lipkin,65 Mountain View Dr,973-654-1561,973-662-8988,adell.lipkin@lipkin.com,1,71,6,Web development,2
Jacqueline,Rowling,1 N San Saba,814-865-8113,814-481-1700,jacqueline.rowling@yahoo.com,1,72,6.5,App development,2
Lonny,Weglarz,51120 State Route 18,801-293-9853,801-892-8781,lonny_weglarz@gmail.com,1,73,6,App development,1
Lonna,Diestel,1482 College Ave,910-922-3672,910-200-7912,lonna_diestel@gmail.com,1,74,6,Web development,1
Cristal,Samara,4119 Metropolitan Dr,213-975-8026,213-696-8004,cristal@cox.net,1,72,7.5,App development,2
Kenneth,Grenet,2167 Sierra Rd,517-499-2322,517-867-8077,kenneth.grenet@grenet.org,2,71,7.5,Cyber security,1
Elli,Mclaird,6 Sunrise Ave,315-818-2638,315-474-5570,emclaird@mclaird.com,2,70,8.5,Web development,2
Alline,Jeanty,55713 Lake City Hwy,574-656-2800,574-405-1983,ajeanty@gmail.com,2,69,8,Web development,2
Sharika,Eanes,75698 N Fiesta Blvd,407-312-1691,407-472-1332,sharika.eanes@aol.com,2,68,8,Cyber security,1
Nu,Mcnease,88 Sw 28th Ter,973-751-9003,973-903-4175,nu@gmail.com,2,67,8,Cyber security,2
Daniela,Comnick,7 Flowers Rd #403,609-200-8577,609-398-2805,dcomnick@cox.net,0,63,8.5,App development,3
Cecilia,Colaizzo,4 Nw 12th St #3849,608-382-4541,608-302-3387,cecilia_colaizzo@colaizzo.com,0,64,6,Web development,3
Leslie,Threets,2 A Kelley Dr,914-861-9748,914-396-2615,leslie@cox.net,0,65,7,App development,1
Nan,Koppinger,88827 Frankford Ave,336-370-5333,336-564-1492,nan@koppinger.com,0,67,6,Web development,2
Izetta,Dewar,2 W Scyene Rd #3,410-473-1708,410-522-7621,idewar@dewar.com,0,69,8,App development,3
Tegan,Arceo,62260 Park Stre,732-730-2692,732-705-6719,tegan.arceo@arceo.org,0,68,7,App development,2
Ruthann,Keener,3424 29th St Se,830-258-2769,830-919-5991,ruthann@hotmail.com,0,62,6.5,Web development,1
Joni,Breland,35 E Main St #43,847-519-5906,847-740-5304,joni_breland@cox.net,0,65,8,Cyber security,1
Vi,Rentfro,7163 W Clark Rd,732-605-4781,732-724-7251,vrentfro@cox.net,0,75,8.5,Cyber security,2
Colette,Kardas,21575 S Apple Creek Rd,402-896-5943,402-707-1602,colette.kardas@yahoo.com,0,75,7,Cyber security,3
Malcolm,Tromblay,747 Leonis Blvd,703-221-5602,703-874-4248,malcolm_tromblay@cox.net,0,74,7.5,Web development,3
Ryan,Harnos,13 Gunnison St,972-558-1665,972-961-4968,ryan@cox.net,0,73,6.5,App development,2
Jess,Chaffins,18 3rd Ave,212-510-4633,212-428-9538,jess.chaffins@chaffins.org,0,74,7.5,Cyber security,1
Sharen,Bourbon,62 W Austin St,516-816-1541,516-749-3188,sbourbon@yahoo.com,0,73,8,Cyber security,2
Nickolas,Juvera,177 S Rider Trl #52,352-598-8301,352-947-6152,nickolas_juvera@cox.net,0,74,8,Web development,3
Gary,Nunlee,2 W Mount Royal Ave,317-542-6023,317-887-8486,gary_nunlee@nunlee.org,1,73,8,Cyber security,1
Diane,Devreese,1953 Telegraph Rd,816-557-9673,816-329-5565,diane@cox.net,1,74,7.5,Web development,2
Roslyn,Chavous,63517 Dupont St,601-234-9632,601-973-5754,roslyn.chavous@chavous.org,1,75,6,Web development,3
Glory,Schieler,5 E Truman Rd,325-869-2649,325-740-3778,glory@yahoo.com,1,72,6.5,App development,3
Rasheeda,Sayaphon,251 Park Ave #979,408-805-4309,408-997-7490,rasheeda@aol.com,1,65,8.5,Cyber security,2
Alpha,Palaia,43496 Commercial Dr #29,856-312-2629,856-513-7024,alpha@yahoo.com,2,64,8.5,Cyber security,1
Refugia,Jacobos,2184 Worth St,510-974-8671,510-509-3496,refugia.jacobos@jacobos.com,2,62,6,Web development,1
Shawnda,Yori,50126 N Plankinton Ave,407-538-5106,407-564-8113,shawnda.yori@yahoo.com,2,61,6,App development,2
Mona,Delasancha,38773 Gravois Ave,307-403-1488,307-816-7115,mdelasancha@hotmail.com,2,63,8,Cyber security,3
Gilma,Liukko,16452 Greenwich St,516-393-9967,516-407-9573,gilma_liukko@gmail.com,2,61,8,Web development,3
Janey,Gabisi,40 Cambridge Ave,608-967-7194,608-586-6912,jgabisi@hotmail.com,2,65,7,Cyber security,2
Lili,Paskin,20113 4th Ave E,201-431-2989,201-478-8540,lili.paskin@cox.net,2,65,7,Web development,1
Loren,Asar,6 Ridgewood Center Dr,570-648-3035,570-569-2356,loren.asar@aol.com,1,62,8.5,App development,1
Dorothy,Chesterfield,469 Outwater Ln,858-617-7834,858-732-1884,dorothy@cox.net,2,64,7.5,App development,3
Gail,Similton,62 Monroe St,760-616-5388,760-493-9208,gail_similton@similton.com,2,64,7.5,Web development,3
Catalina,Tillotson,3338 A Lockport Pl #6,609-373-3332,609-826-4990,catalina@hotmail.com,1,63,6.5,App development,3
Lawrence,Lorens,9 Hwy,401-465-6432,401-893-1820,lawrence.lorens@hotmail.com,2,70,6,Cyber security,2
Carlee,Boulter,8284 Hart St,785-347-1805,785-253-7049,carlee.boulter@hotmail.com,2,71,6,Web development,1
Thaddeus,Ankeny,5 Washington St #1,916-920-3571,916-459-2433,tankeny@ankeny.org,1,72,6,Web development,2
Jovita,Oles,8 S Haven St,386-248-4118,386-208-6976,joles@gmail.com,1,73,6,Cyber security,3
Alesia,Hixenbaugh,9 Front St,202-646-7516,202-276-6826,alesia_hixenbaugh@hixenbaugh.org,1,74,7,Cyber security,3
Lai,Harabedian,1933 Packer Ave #2,415-423-3294,415-926-6089,lai@gmail.com,1,72,8,App development,3
Brittni,Gillaspie,67 Rv Cent,208-709-1235,208-206-9848,bgillaspie@gillaspie.com,1,71,7,Web development,2
Raylene,Kampa,2 Sw Nyberg Rd,574-499-1454,574-330-1884,rkampa@kampa.org,2,70,8,App development,1
Flo,Bookamer,89992 E 15th St,308-726-2182,308-250-6987,flo.bookamer@cox.net,1,69,7,Web development,3
Jani,Biddy,61556 W 20th Ave,206-711-6498,206-395-6284,jbiddy@yahoo.com,2,68,7,App development,2
Chauncey,Motley,63 E Aurora Dr,407-413-4842,407-557-8857,chauncey_motley@aol.com,0,67,6,App development,1
